Date,Log_Returns,Rolling_Volatility
2021-01-01,,
2021-01-04,-0.006370784336960634,
2021-01-05,0.007527897807225628,
2021-01-06,-0.004319831643358147,
2021-01-07,-0.003031693333453489,
2021-01-08,0.01081512360501194,
2021-01-11,0.013735395179805002,
2021-01-12,0.020154372709240576,
2021-01-13,-0.0070128484050627745,
2021-01-14,-0.001292903793102396,
2021-01-15,-0.0014306828046554726,
2021-01-18,0.01115343926209917,
2021-01-19,0.013894020979299686,
2021-01-20,-0.007910962156263055,
2021-01-21,-0.011595086524245237,
2021-01-22,-0.02141694347258042,
2021-01-25,0.013281072664127912,
2021-01-27,-0.037080636882074865,
2021-01-28,-0.02743722777207195,
2021-01-29,0.013794730427453768,
2021-02-01,0.06018038302160013,
2021-02-02,0.055194574542441886,
2021-02-03,0.009089916031099448,
2021-02-04,0.0027267166721107457,
2021-02-05,0.01164749095128607,
2021-02-08,0.004776975731902077,
2021-02-09,0.004103149358185641,
2021-02-10,-0.018850773669595627,
2021-02-11,-0.0059604257480708606,
2021-02-12,0.006086871997584526,
2021-02-15,0.021666878306587957,0.020050055407611837
2021-02-16,0.00619746020907586,0.019952547927603023
2021-02-17,-0.02499224102979659,0.020660127594905455
2021-02-18,-0.020505108758477362,0.02107949415636761
2021-02-19,-0.009827470844930297,0.021182801917944527
2021-02-22,0.005765992057059173,0.021136708286565904
2021-02-23,-0.012251740759757566,0.02119723034450489
2021-02-24,0.049314827951717696,0.022687064932232246
2021-02-25,-3.1208195611627614e-05,0.02261959465569265
2021-02-26,-0.045856231056977025,0.02430762954850411
2021-03-01,0.01584094138222858,0.024441033718679887
2021-03-02,0.0059480912048047434,0.024392484246050103
2021-03-03,0.011822515042864216,0.02436015367621047
2021-03-04,-0.02217425119353786,0.02469295043814171
2021-03-05,-0.01430900666665544,0.024746791954485484
2021-03-08,-0.006886380077204066,0.024428510162946993
2021-03-09,0.02790582654874879,0.02481034046446569
2021-03-10,-0.004329521548083788,0.023719020063370486
2021-03-12,-0.0024454404049272403,0.023031581732439927
2021-03-15,-0.015127226565456639,0.023217276250234987
2021-03-16,-0.0108524425795898,0.020685393783117678
2021-03-17,-0.01117239085655939,0.01804692366022374
2021-03-18,-0.0029131027835385295,0.017938552375933284
2021-03-19,0.004350083306973186,0.017955189837662606
2021-03-22,-0.019113038354572325,0.018040734002885882
2021-03-23,0.020881000411938237,0.01850732753686641
2021-03-24,-0.014334132411948648,0.01859475561627288
2021-03-25,-0.010502566300907512,0.018408918148999816
2021-03-26,0.01891985946230099,0.018808115749820224
2021-03-30,0.04099095909440839,0.020328643925998917
2021-03-31,-0.03941641617140293,0.021067060015407237
2021-04-01,-0.004630180027191614,0.021003146054200502
2021-04-05,-0.025305083222134296,0.021014517519438083
2021-04-06,-0.006470848384170618,0.020766325746436488
2021-04-07,0.004813956576707008,0.020761207504899477
2021-04-08,-0.01000004887669722,0.020756022586286362
2021-04-09,-0.007742077617705745,0.020699798619729006
2021-04-12,-0.039233403897432226,0.0193355339336587
2021-04-13,0.024067030802271745,0.0200526363263205
2021-04-15,0.02102225175096583,0.018994764782183052
2021-04-16,-0.0010144356648579434,0.018685004852717756
2021-04-19,-0.011439646522911568,0.018670483404556733
2021-04-20,-0.01497990358334727,0.018553493194107533
2021-04-22,0.022105446416262043,0.018848157386578787
2021-04-23,-0.005887257494026757,0.018734830620647604
2021-04-26,-0.006633690449685647,0.01873290521917818
2021-04-27,0.023844894607998462,0.018518188634914716
2021-04-28,0.026137842076251264,0.019249668820325066
2021-04-29,-0.0029160504441203,0.019250458634693626
2021-04-30,-0.041742091840832024,0.020463205227203067
2021-05-03,0.0015212352812221956,0.020416592198162806
2021-05-04,-0.01862488692527864,0.020573927480487652
2021-05-05,0.010211805159147422,0.02070342655707182
2021-05-06,-0.001212701201629826,0.020669129013425092
2021-05-07,0.009837877205086568,0.02052871133222813
2021-05-10,0.003598373395411368,0.020124538516143715
2021-05-11,-0.011546400804099296,0.02007119371677616
2021-05-12,-0.0028898941062733487,0.02000461403980889
2021-05-14,-0.009079979978411491,0.019670060213896695
2021-05-17,0.037781756135985514,0.019433130679677075
2021-05-18,0.024993060876213575,0.01876354036795664
2021-05-19,-0.012607039655293374,0.01888198510677829
2021-05-20,-0.017572113520910607,0.01858418518829512
2021-05-21,0.04403287460428281,0.02022889318089867
2021-05-24,0.008412994108077066,0.020261129124115214
2021-05-25,-0.02074414991959518,0.020562571439047366
2021-05-26,-0.0012853816850703652,0.020500999050759708
2021-05-27,0.003784182693702931,0.019021205956425227
2021-05-28,0.013931210178434253,0.018716272206899708
2021-05-31,0.008213968770780239,0.018419809901456717
2021-06-01,-0.0027414122901150777,0.018432059491454166
2021-06-02,-0.0051066776236227684,0.01831007184291163
2021-06-03,0.010943818470848252,0.018086832768973073
2021-06-04,-0.012973738541099707,0.017939649683651533
2021-06-07,-0.0007332075114948464,0.017888203346153826
2021-06-08,-0.011264185032778139,0.017984639852727895
2021-06-09,-0.0018560973202406978,0.0175043791713725
2021-06-10,0.000506573850889749,0.016845724363527725
2021-06-11,0.003572146195277675,0.016847372748536787
2021-06-14,-0.004653147469918359,0.014903636906485865
2021-06-15,0.007273490945510715,0.014940233592666313
2021-06-16,-0.0037984430734121786,0.01448152451451711
2021-06-17,-0.012539529445245763,0.014644163495207956
2021-06-18,0.009301050475073722,0.01470328736396652
2021-06-21,0.005996274441433753,0.014647731694738018
2021-06-22,-0.003296770746195452,0.014670967799494292
2021-06-23,0.0011448995175365774,0.014464259753262893
2021-06-24,0.013871814365039242,0.014596325497662458
2021-06-25,0.005858284452116925,0.014443418962202463
2021-06-28,-0.004465188664248831,0.01290796043383296
2021-06-29,0.00013328249252512263,0.01212461106535307
2021-06-30,-0.002766688224895777,0.011882571383398795
2021-07-01,-0.007471750765608501,0.011473089215325555
2021-07-02,-0.0042799861551033,0.008204077877808597
2021-07-05,0.01011464342339875,0.008271531394591785
2021-07-06,0.025907829333424795,0.008648414047462732
2021-07-07,0.0031227949148833005,0.00863905602205399
2021-07-08,-0.01245145452906803,0.008993856086787187
2021-07-09,-0.012208706954803873,0.008962352443756129
2021-07-12,-0.010036914074021122,0.009012705672074605
2021-07-13,0.009937035982453738,0.00919913727087839
2021-07-14,-0.0017993423915588543,0.00915646313243757
2021-07-15,0.014272405501682628,0.009312037384211195
2021-07-16,0.0010845063710924465,0.008976670116703082
2021-07-19,-0.03431278644353283,0.011013222883999852
2021-07-20,-0.019114240836666702,0.01136533603860743
2021-07-22,0.0038383524959328804,0.011394003304637924
2021-07-23,-0.004115550112527679,0.011410108402989037
2021-07-26,-0.005699774060121857,0.011415148032190832
2021-07-27,0.0036182053881129634,0.011424716831739111
2021-07-28,-0.015715710982200894,0.011636141605868096
2021-07-29,0.0006699551619590603,0.011634689312098666
2021-07-30,0.0057650936312897035,0.011508566861862883
2021-08-02,-0.002667437647871078,0.011353818833000379
2021-08-03,0.008434368496217566,0.011415433814656277
2021-08-04,0.0211043154699828,0.012101306105915352
2021-08-05,0.013253660364166338,0.012349661230516189
2021-08-06,0.0052393766505889885,0.012116792592584377
2021-08-09,0.00750862706903512,0.012148754981171832
2021-08-10,0.002490484079085882,0.012128997847331981
2021-08-11,-0.008459460068861946,0.01222991908363129
2021-08-12,0.004305343190530765,0.01224604776142858
2021-08-13,0.016382848170182502,0.01251054161069511
2021-08-16,0.0028788701814618225,0.01247709426349168
2021-08-17,-0.010475437073517795,0.012530969320122062
2021-08-18,-0.0010899379505883292,0.011570426180349539
2021-08-20,0.0011560182422332649,0.011554901175472877
2021-08-23,0.00648171183642349,0.011397880252453975
2021-08-24,0.022216293239373734,0.011841177613789583
2021-08-25,-0.0009306365970231494,0.011657467165127187
2021-08-26,-0.001670811371938341,0.011561457378058538
2021-08-27,-0.004092608056196093,0.011589212356151748
2021-08-30,0.012706054843057323,0.011531104359177275
2021-08-31,0.008350108112051257,0.011608408773781132
2021-09-01,-0.0014554220074488595,0.009492835324789554
2021-09-02,0.006249809465689066,0.008601636469191414
2021-09-03,-0.008183142631183509,0.008847811620922517
2021-09-06,-0.006588876505962397,0.008925735134686306
2021-09-07,0.002264904645945382,0.008783795982165655
2021-09-08,0.004545899608710544,0.008787710262711749
2021-09-09,-0.004960167457157211,0.008196379771424333
2021-09-13,-0.008354351473268557,0.008460644363892473
2021-09-14,-0.004510178680491815,0.008555655652366302
2021-09-15,-0.001130688765563981,0.00852672946081623
2021-09-16,0.008465495726693027,0.008527441981925633
2021-09-17,0.0141308175596002,0.008095079084872267
2021-09-20,-0.014194900826078693,0.00839026345023204
2021-09-21,-0.005077501108889141,0.008448980311213468
2021-09-22,-0.011829136296948163,0.008693006181030688
2021-09-23,0.023392481059631806,0.009632171515396923
2021-09-24,0.019896351308563983,0.010019771466787036
2021-09-27,0.014597402472970564,0.010264158411291378
2021-09-28,-0.006203349819266147,0.010047347640768815
2021-09-29,-0.013213497402607766,0.010415354998019597
2021-09-30,0.0006898238542690326,0.010174941901943842
2021-10-01,-0.0077101106525534775,0.010308934469797398
2021-10-04,0.0019252988756210767,0.010309002858636855
2021-10-05,0.006098298577639012,0.010302884237180116
2021-10-06,0.01211730023728091,0.009753480587795805
2021-10-07,-0.002728383736668295,0.009772383752184768
2021-10-08,-0.00488611384545034,0.00982152728219879
2021-10-11,0.019249991177555624,0.010315521570464618
2021-10-12,-0.0025740080437586864,0.010133496128530118
2021-10-13,0.005995822995033918,0.010085852699604157
2021-10-14,0.028858516906376256,0.011260672013315666
2021-10-18,-0.010185658393057703,0.011455527903785581
2021-10-19,0.010955648711769213,0.011421140175406148
2021-10-20,-0.008832430059521836,0.011488506230748905
2021-10-21,0.0014625851826936336,0.011489347456956673
2021-10-22,0.002651049940719077,0.011481210226202134
2021-10-25,-0.014231301411311046,0.011799189675524764
2021-10-26,-0.002568280424778785,0.01167363985938431
2021-10-27,-0.006038401305905672,0.011706408596302904
2021-10-28,-0.030406577305248386,0.013109862510664958
2021-10-29,-0.006768500802634375,0.013105501266388956
2021-11-01,0.01408360545752343,0.013103808964829464
2021-11-02,0.0009028003361939853,0.012807171553147546
2021-11-03,-0.015871360204055975,0.013130955903532682
2021-11-04,0.007873100221469288,0.012978262138568161
2021-11-08,0.003944580828962111,0.012304086010176232
2021-11-09,-0.01765210046082358,0.012186529087567155
2021-11-10,-0.010871380404319266,0.011975496878873804
2021-11-11,-0.004478809915677619,0.011956088111639897
2021-11-12,0.0030309588583499938,0.011769331317562465
2021-11-15,0.002733017361273028,0.011784543703941134
2021-11-16,-0.005957685155768227,0.011753398791548991
2021-11-17,-0.011173306186612292,0.011893474937782362
2021-11-18,0.005602300038021515,0.01188335520522567
2021-11-22,-0.015746385463716282,0.011896127089785703
2021-11-23,0.00013217984352836324,0.011902552417670968
2021-11-24,0.001648112837595476,0.011908185363125892
2021-11-25,0.005190426054537081,0.011312640150370895
2021-11-26,-0.023908073508848222,0.011982701675991516
2021-11-29,0.007588937579666971,0.012027333011220866
2021-11-30,-0.005142094775107023,0.010423107776516284
2021-12-01,0.0074043415670369496,0.010560925394792024
2021-12-02,0.013925946605235336,0.010713759552038578
2021-12-03,-0.008028316451195,0.010700652360197207
2021-12-06,-0.006462626910507167,0.010675398092450423
2021-12-07,0.01445805786131586,0.01112282217829109
2021-12-08,0.01825031050490483,0.011585900429904988
2021-12-09,-0.017496906879641345,0.011920537508511577
2021-12-10,-0.0028201251673970304,0.011903379052350787
2021-12-13,-0.007515573745592303,0.010731013237513135
2021-12-14,-0.005773947861861072,0.010716567827612976
2021-12-15,-0.0016318752527029671,0.01029222326420776
2021-12-16,6.664010474978236e-05,0.010284487881240416
2021-12-17,-0.018196651145757244,0.010398509267890222
2021-12-20,-0.0327073324576011,0.011591514206013006
2021-12-21,0.011264532635651104,0.011832933368373199
2021-12-22,0.0023554163215938734,0.01156721663375366
2021-12-23,-0.0007614186061262238,0.01147109003013293
2021-12-24,-0.0036074647437201817,0.011466935059709403
2021-12-27,0.008236208910828238,0.01159131892690609
2021-12-28,0.006869063220540869,0.011677145785899231
2021-12-29,-0.004768908827009114,0.011665724616763073
2021-12-30,0.005248072127140037,0.011610028447740848
2021-12-31,0.012173301030053988,0.011809768991922251
2022-01-03,0.026843443818228042,0.012552905818756484
2022-01-04,0.005839501483760526,0.012596669281825701
2022-01-05,0.023470377140252435,0.013289157183507403
2022-01-06,-0.016169957046494935,0.013625540725908679
2022-01-07,0.006989747183141646,0.012879948193315994
2022-01-10,0.0055310557494269875,0.012850912219599116
2022-01-11,0.0043199619764082205,0.012804360237751545
2022-01-12,-0.005924677392413294,0.01282641159607876
2022-01-13,-0.018576301076801388,0.013078728992549048
2022-01-14,0.011161194210087261,0.0131391754815968
2022-01-17,-0.015424321440239494,0.013406524685784916
2022-01-18,0.005080683024089517,0.013174523734138627
2022-01-19,-0.007087280782085644,0.012775455781310223
2022-01-20,-0.006242865443460087,0.012427766516804275
2022-01-21,0.008315246000340781,0.01251870158568136
2022-01-24,-0.023237151979935814,0.013156101360012903
2022-01-25,0.000941186690202481,0.013121144977370732
2022-01-27,-0.008842424405496546,0.013211713528570304
2022-01-28,-0.00796407710745419,0.01327973277189931
2022-01-31,0.015226021084108279,0.013174013652732726
2022-02-01,0.007577051579235989,0.011661412690289084
2022-02-02,0.022588696874236827,0.012156855508685187
2022-02-03,-0.010405341010450209,0.012365634797045624
2022-02-04,0.005692013005933701,0.012379623929892194
2022-02-07,-0.03733523317780022,0.01427376658918764
2022-02-08,-0.004300529970625408,0.014228082867940877
2022-02-09,0.024161226407102797,0.014842365330671493
2022-02-10,0.0181960503080305,0.015133044218592736
2022-02-11,-0.004106404185608452,0.015151536472845312
2022-02-14,-0.030177314637855834,0.016048278594748996
2022-02-15,0.02948580428142424,0.01620787336793605
2022-02-16,-0.0013516084512181753,0.01617104585626563
2022-02-17,-0.006121301933793055,0.01556345451998953
2022-02-18,0.0038756407056712593,0.015330108509804074
2022-02-21,0.006426207797983983,0.015320832121157285
2022-02-22,-0.007517889136672475,0.01532549060855366
2022-02-23,-0.006508116586499797,0.015322112275938306
2022-02-24,-0.05583060294084258,0.01825690940600873
2022-02-25,0.025527255394780724,0.018735215640227485
2022-02-28,-0.020712969574797596,0.018889343676545402
2022-03-02,-0.0371405006551689,0.019789647950498254
2022-03-03,-0.002367750982346572,0.019726294433801226
2022-03-04,-0.003287598987027187,0.0197156008790813
2022-03-07,-0.030991159175519336,0.02034152008858942
2022-03-08,0.00226188074336328,0.02024143897733473
2022-03-09,0.032126287485177686,0.020988146265376612
2022-03-10,0.015594615571032464,0.02124465197523575
2022-03-11,0.0029395357713934683,0.021226660360174853
2022-03-14,0.03222850479433161,0.02207654133576233
2022-03-15,-0.012942632694160043,0.021984565104652853
2022-03-16,0.016817226092231012,0.022178742696340258
2022-03-17,0.021788922837357817,0.02214974112358
2022-03-21,0.004348332458060481,0.022100490665059962
2022-03-22,0.005133269376296868,0.022095204630300784
2022-03-23,-0.010022419767865049,0.02107083696977613
2022-03-24,-0.02505340432611494,0.021560394767362087
2022-03-25,-0.008178089470835634,0.021091279131295673
2022-03-28,0.001326918506229013,0.0207699725653166
2022-03-29,0.013173589613238931,0.020950686997641663
2022-03-30,0.017174893882601194,0.02049482781076033
2022-03-31,-0.004478615627370516,0.019738184190977896
2022-04-01,0.02395675468543081,0.02025919906269714
2022-04-04,0.09543089637290951,0.026698916731679505
2022-04-05,-0.029741508577347517,0.02736542573710973
2022-04-06,-0.03634335864373845,0.02822996800514254
2022-04-07,-0.02223327803450679,0.028502837631368263
2022-04-08,-0.0013855855120872087,0.028477011590370617
2022-04-11,-0.012289193726414092,0.026562591622949862
2022-04-12,-0.0017727798662194195,0.02618506330388784
2022-04-13,-0.019301358198823452,0.0261462273449507
2022-04-18,-0.04860410698995719,0.026796907582905923
2022-04-19,-0.03890688754278798,0.0277458171973201
2022-04-20,0.008974806696694605,0.027796776724335462
2022-04-21,0.014696124360942989,0.027304429570553287
2022-04-22,-0.013736840163929903,0.027439363381274992
2022-04-25,0.007459720539687788,0.02682766376877104
2022-04-26,0.004602156716991208,0.026680130183019988
2022-04-27,0.00036440581333634797,0.026672830922341805
2022-04-28,-0.0008748158597370111,0.025943352134391907
2022-04-29,0.009615801207478228,0.025932790901648368
2022-05-02,0.013700194817276266,0.025865368577250213
2022-05-04,-0.034572447507949244,0.026194874598266728
2022-05-05,-0.002251684444063685,0.02615943554967221
2022-05-06,-0.026475583301338708,0.02644975558659152
2022-05-09,0.0017061063668870437,0.026447276730965794
2022-05-10,0.015935054717897516,0.026370114522563964
2022-05-11,0.005614034230681983,0.026386744844504074
2022-05-12,-0.022799410277256498,0.026649009244029027
2022-05-13,-0.009019448681269332,0.02649851784187247
2022-05-16,0.01059133970833157,0.026348066618825057
2022-05-17,0.006796377301624173,0.026417460611259987
2022-05-18,-7.607306222747155e-05,0.025920174339087183
2022-05-19,-0.020647063840363477,0.017991755410973247
2022-05-20,0.025998199776143566,0.018542253126476775
2022-05-23,-0.012914565330409388,0.01770214462909565
2022-05-24,0.01139944293802416,0.01766384903902667
2022-05-25,0.007440409067480006,0.01778666309639431
2022-05-26,0.02812271596172667,0.018645107085878448
2022-05-27,0.01837845037688221,0.019035985479217487
2022-05-30,0.006801394992551384,0.018811217214698497
2022-05-31,-0.009030836953366166,0.016624880594511688
2022-06-01,0.00423887405634902,0.014899157420248589
2022-06-02,-0.0070145741973957326,0.014914739476058227
2022-06-03,-0.003471419803773349,0.014712584455114351
2022-06-06,-0.0013412436675633705,0.014470180786152125
2022-06-07,-0.01156506613074637,0.014591091723915295
2022-06-08,0.00351661973274121,0.014581419126253183
2022-06-09,0.007504263212078195,0.014641121941061451
2022-06-10,-0.019496474930221615,0.015089731395396332
2022-06-13,-0.018299742484376536,0.015328099617392728
2022-06-14,-0.011066548377859517,0.015172942508379732
2022-06-15,-0.0034740433510371134,0.013867605021293401
2022-06-16,-0.020203459712923665,0.014311281484875706
2022-06-17,0.0065732946816818546,0.013569526289897516
2022-06-20,0.024810712950110322,0.014323595301519748
2022-06-21,0.010832494272019847,0.01416268757841133
2022-06-22,-0.004724891423127551,0.01415403559719051
2022-06-23,0.003676853705715087,0.013498253367407889
2022-06-24,0.01387177102484091,0.013570190987768342
2022-06-27,0.0018080423188396816,0.013463267342638688
2022-06-28,-0.007660629503797344,0.013517686223970211
2022-06-29,-0.00144992058761739,0.0135230810466043
2022-06-30,0.0030090694780088925,0.012907863021541285
2022-07-01,0.004256520710445002,0.012070617584662451
2022-07-04,0.001402472374965133,0.01178870301952396
2022-07-05,-0.002252328313392915,0.011647847954623442
2022-07-06,0.013694030263041532,0.011824665350784674
2022-07-07,0.01774501729815335,0.011137112997979664
2022-07-08,0.0009308877432881239,0.010626060446065769
2022-07-11,0.006456882038516848,0.010618775209646181
2022-07-12,-0.01025764127048401,0.010657479528310341
2022-07-13,-0.024695287538757344,0.011539753183252989
2022-07-14,-0.005020453770709731,0.011508997076401909
2022-07-15,0.008108944703886026,0.01161108762428717
2022-07-18,-0.010702969882424106,0.011760878559525283
2022-07-19,0.00037118889479681227,0.011583145417874592
2022-07-20,0.0125317947593181,0.011802002583236064
2022-07-21,-0.0031550540011582315,0.011726717711203141
2022-07-22,0.023064709364819642,0.011911416523411327
2022-07-25,0.0029399135781408153,0.011341960436521132
2022-07-26,-0.0020426789289820302,0.011108581620872537
2022-07-27,0.007612229884980462,0.011104089083504503
2022-07-28,0.008825844040418277,0.010303857252789017
2022-07-29,0.012171025859053696,0.01041429461895658
2022-08-01,0.008297804334550732,0.009660311762169839
2022-08-02,-0.011055607801451487,0.009871681030880005
2022-08-03,0.0023394589893800367,0.009783213289897057
2022-08-04,-0.0011865411764239513,0.009803212068327023
2022-08-05,-0.0033927023890102633,0.009607207795648278
2022-08-08,0.024230109022441087,0.010446841484917516
2022-08-10,0.002902688740800852,0.010268937042431165
2022-08-11,0.01314373643973877,0.01040271674903927
2022-08-12,-0.0003701876449559016,0.010424723180756231
2022-08-16,0.011381578965357433,0.010529557691492206
2022-08-17,0.0051460287685647045,0.010526425664189753
2022-08-18,0.0011913199875232723,0.010479166072182331
2022-08-19,-0.012413720938739749,0.010702858569176034
2022-08-22,-0.015320593804256885,0.010816595261909116
2022-08-23,-0.003099237936716153,0.010851887608471616
2022-08-24,0.004798101363846647,0.01083049269988559
2022-08-25,-0.005446484065654623,0.01068433676960943
2022-08-26,0.00017066323315072812,0.009460000702632792
2022-08-29,-0.017697075566419595,0.010072371980636357
2022-08-30,0.031928772247485464,0.01141130164218521
2022-09-01,-0.009431221952197309,0.011361257169307132
2022-09-02,0.009027405169565468,0.011403403454077416
2022-09-05,0.006408322828600059,0.011285476729836515
2022-09-06,-0.0038198951417838176,0.01129869086568146
2022-09-07,-0.0047448185139198195,0.010722721399161209
2022-09-08,0.01026890586030664,0.010825907757392228
2022-09-09,0.0006675585193497281,0.010799458000160364
2022-09-12,-0.003375550093033555,0.010803537952006904
2022-09-13,0.013004647773520785,0.010920202684737944
2022-09-14,0.010224492491037952,0.010864499360743244
2022-09-15,-0.005214283747466318,0.01087988323550219
2022-09-16,-0.018550741768920416,0.011261670627472348
2022-09-19,0.00657688430719641,0.011300034829823493
2022-09-20,0.011973857461724,0.01144398943449177
2022-09-21,-0.0015465267885630604,0.011418895692339205
2022-09-22,-0.021536299425360568,0.011413017629940849
2022-09-23,-0.02718304341471672,0.012471156003362908
2022-09-26,-0.013575874109160157,0.012420036909526809
2022-09-27,-0.009012541987800845,0.01249647423273979
2022-09-28,-0.01733653610477192,0.012564350371345465
2022-09-29,-0.00519501751854987,0.012486198688327932
2022-09-30,0.02782229689539204,0.013679791662005692
2022-10-03,-0.005750654439699154,0.013559357638740268
2022-10-04,0.027773802274519577,0.01434128262820033
2022-10-06,-0.011072668502025155,0.01446645235725061
2022-10-07,-0.004323931109975893,0.014443591118345735
2022-10-10,-0.011104237531334627,0.014540727549909514
2022-10-11,-0.010193067560992546,0.014630998582248362
2022-10-12,0.006511472475366436,0.014372147221013374
2022-10-13,-0.011557619893281107,0.013105747118504504
2022-10-14,0.03205812455979823,0.014432014253448599
2022-10-17,0.005233065063127833,0.014359735185497362
2022-10-18,-0.001868313530386088,0.014294124425399802
2022-10-19,0.010198184936396692,0.014432678882643069
2022-10-20,-0.006775634655378103,0.014457074280750923
2022-10-21,-0.007065277676965825,0.014346979017953008
2022-10-24,0.01548489239163571,0.014669884917226754
2022-10-25,-0.006971210769868203,0.014705909837397594
2022-10-27,0.002409383435647538,0.014484388489112526
2022-10-28,0.0029520229874011954,0.014344716302272789
2022-10-31,0.025717042481287963,0.01516146296696728
2022-11-01,0.010997128502833587,0.014908074543852
2022-11-02,0.000627483652843896,0.014863329400213548
2022-11-03,-0.004401265564302576,0.014718148889612159
2022-11-04,-0.006922607745203759,0.014766630546659946
2022-11-07,0.007751397459469234,0.014286093686993432
2022-11-09,-0.00029841636484872125,0.013298261526482233
2022-11-10,0.01081423929375037,0.013094891999436462
2022-11-11,0.05511764192796369,0.016090403908464668
2022-11-14,0.0024178268922362203,0.015567847045672689
2022-11-15,0.0024426302608872475,0.015457214257802127
2022-11-16,0.008548979308014149,0.014877087557809603
2022-11-17,-0.009074059377153694,0.014969101784384629
2022-11-18,-0.0026299369472201303,0.014356741734697216
2022-11-21,-0.010307592875653786,0.014330617354960024
2022-11-22,-0.0014722608765647463,0.014286139604382886
2022-11-23,0.002598475783730696,0.014015588285403098
2022-11-24,0.016127899556897904,0.01391489346992164
2022-11-25,-0.004625648687647083,0.014020115380481335
2022-11-28,-0.010814685143897383,0.013991246414342079
2022-11-29,-0.0015008688340528158,0.013029448167957966
2022-11-30,0.006612038871380873,0.013038237618778484
2022-12-01,0.0068465439373396565,0.013010724389179468
2022-12-02,-0.007686240495128812,0.013118010437349661
2022-12-05,0.0036335512372780232,0.012981164520586636
2022-12-06,-0.0011166526104460079,0.012857834754255766
2022-12-07,-0.0004346126387442214,0.012685281349884286
2022-12-08,0.005603954507040978,0.012543015878545666
2022-12-09,0.0071065288183102815,0.012556118829487463
2022-12-12,0.007756171911495801,0.012575274643399501
2022-12-13,0.0027642592252840386,0.011886618839882882
2022-12-14,0.008427563685494743,0.011837774412763423
2022-12-15,-0.018488319861597848,0.012474496206740739
2022-12-16,0.00479909643423391,0.012412091202280555
2022-12-19,0.0031055456606802418,0.012275507483313472
2022-12-20,-0.006924650874708544,0.012377170207249526
2022-12-21,-0.009720198222807336,0.012572425669011377
2022-12-22,-0.0034367384442846576,0.012509913126489589
2022-12-23,-0.008972962352157473,0.007615699641330068
2022-12-26,0.019708751201728783,0.00843696738563518
2022-12-27,0.0010121228395863612,0.008428454294813334
2022-12-28,-0.000797287894268514,0.008282521682256747
2022-12-29,0.007031247854094177,0.008199871514771737
2022-12-30,-0.008044334196276438,0.008329101279708371
2023-01-02,0.0003377575764664245,0.008085097839309122
2023-01-03,0.0065177670025468055,0.00814423458117608
2023-01-04,-0.018034574723196885,0.008838701680095658
2023-01-05,-0.006449143737213554,0.008387743009094941
2023-01-06,-0.0033185184528026945,0.008369087594792532
2023-01-09,0.0019423613459595447,0.008147159341812267
2023-01-10,-0.0184476913030825,0.008811157593623628
2023-01-11,0.014307581313964831,0.009135095074912825
2023-01-12,0.005328637872325456,0.009097898784375256
2023-01-13,0.0007813713734003255,0.008995350309915067
2023-01-16,-0.009636132631555792,0.009128958914710475
2023-01-17,0.014777013160438987,0.00954808703809714
2023-01-18,0.017497823664289484,0.010070012689638839
2023-01-19,0.004144541498136212,0.010048263176894019
2023-01-20,0.010196592658940965,0.010133767425002965
2023-01-23,0.007288545257851658,0.010122742814981406
2023-01-24,0.013299463741135211,0.010380240691455057
2023-01-25,-0.02802093003808241,0.011541831005081604
2023-01-27,-0.02012654853126204,0.011634483996931398
2023-01-30,-0.0010217901206706695,0.011594491685579888
2023-01-31,-0.006619622676387376,0.011625469733481195
2023-02-01,0.014886994892046628,0.011910792179237796
2023-02-02,-0.014980661887750086,0.012094312475050944
2023-02-03,0.033999303217701816,0.01359691752798613
2023-02-06,-0.004259091344238858,0.013505184231813658
2023-02-07,0.0014820644590953238,0.013041661444507134
2023-02-08,-0.0001208587290230973,0.013041775219995068
2023-02-09,-0.0020879609468935135,0.013048209202160972
2023-02-10,0.003960550363529815,0.01300655035710716
2023-02-13,0.0007539448070594263,0.01291029733783166
2023-02-14,0.009213613024935771,0.013005135505486359
2023-02-15,-0.002033437508922049,0.012971622099268476
2023-02-16,-0.0036286117810784284,0.01251573752977813
2023-02-17,-0.005029916527152082,0.012488858076517095
2023-02-20,-0.009435134818108235,0.012613645733960425
2023-02-21,0.0037422483228266895,0.012622820253279989
2023-02-22,-0.019812382272552248,0.012697585843468107
2023-02-23,-0.006806595193861631,0.01251619660572773
2023-02-24,-0.00895952782858608,0.01258822644447942
2023-02-27,0.002482942268627395,0.012596717493393814
2023-02-28,0.004197253753483079,0.012490687110706512
2023-03-01,-0.0009693548044362904,0.01218852188460538
2023-03-02,-0.008546875252568312,0.011804086716740748
2023-03-03,0.019654766411241014,0.012367641964870004
2023-03-06,0.007030094685424239,0.012285769352332623
2023-03-08,0.001995319997777132,0.012205094451312275
2023-03-09,9.187118546068925e-05,0.011911456549427659
2023-03-10,-0.02612467746334968,0.011768944761842513
2023-03-13,-0.012733020937588229,0.011432314130127194
2023-03-14,-0.002681263854006638,0.011436490788616627
2023-03-15,-0.014454938118443289,0.011655568739184552
2023-03-16,0.006464521275342136,0.011349499837317392
2023-03-17,0.0132821368720709,0.011372336949871742
2023-03-20,-0.0069552180100072615,0.00934824299374127
2023-03-21,0.01126977017495969,0.009644620732199275
2023-03-22,-0.0023136374199991504,0.009629145200440356
2023-03-23,-0.00805992814438546,0.00969543283319897
2023-03-24,-0.0016007260690989436,0.009695485947845355
2023-03-27,0.004347736318182502,0.00970376481256966
2023-03-28,0.008101244140884664,0.009863261859605054
2023-03-29,0.0047980500441152565,0.009728211770516191
2023-03-31,0.013605219142915891,0.010123803383574456
2023-04-03,0.0006210631030099041,0.010118885839173536
2023-04-05,0.026469613697678862,0.011265612661368545
2023-04-06,0.007590284249038856,0.011204848398280669
2023-04-10,-0.004752229985012102,0.011228028151115994
2023-04-11,0.0029201692414165853,0.010576163430948323
2023-04-12,0.01290274193561586,0.010686170101466493
2023-04-13,0.00447088818767782,0.010505926486973774
2023-04-17,-0.01536147798777781,0.01097823271045437
2023-04-18,-0.004239064387514321,0.011014976325407308
2023-04-19,0.003668765218518623,0.011015629221435402
2023-04-20,0.003715369970316704,0.010860919359495135
2023-04-21,0.0016136020611294839,0.010323871718892532
2023-04-24,0.008058865014427237,0.010345627141975183
2023-04-25,-0.014318707031524892,0.010725457176918597
2023-04-26,0.004586376301682507,0.010748326153425771
2023-04-27,0.005487906521821022,0.009490678549934127
2023-04-28,0.0039185630817978575,0.009084609334759106
2023-05-02,-0.0002074009678152401,0.009047686638163709
2023-05-03,0.0034907619806919315,0.008460826414250822
2023-05-04,0.02025825022597754,0.009006120989141478
2023-05-05,-0.060941287139500165,0.014665547943123768
2023-05-08,0.01149833081080224,0.014702778474430118
2023-05-09,3.0314389143627158e-05,0.014593839710694596
2023-05-10,0.00461087796265874,0.014588732241196297
2023-05-11,0.000665613213049039,0.01447654413671041
2023-05-12,0.00879263393553338,0.014515008074947322
2023-05-15,0.004785298955793197,0.014517446320553622
2023-05-16,-0.005750548490271844,0.014544460102214527
2023-05-17,-0.005386937591817501,0.01459005053578156
2023-05-18,0.003989728369475975,0.014417889221886583
2023-05-19,0.0011543995454456242,0.014417599109678462
2023-05-22,-0.0035583696983448087,0.013617457891872912
2023-05-23,-0.0023489407729650846,0.01355026314101299
2023-05-24,-0.013157230308475319,0.013733113715185727
2023-05-25,-0.003844572647328796,0.01373075429238365
2023-05-26,0.0038445726473288733,0.013518961865612012
2023-05-29,0.012118298956161982,0.013696914640997052
2023-05-30,0.0007640521809689214,0.01341774227803394
2023-05-31,-0.015950582042343005,0.0137058838639219
2023-06-01,-0.004261485617980725,0.013696911722955892
2023-06-02,0.001557417627053442,0.013677609433391772
2023-06-05,-0.0013080364857763732,0.013669125237626343
2023-06-06,-0.003121351125925085,0.013564298113264752
2023-06-07,0.005175946982880281,0.013390912779081164
2023-06-08,0.0006218242733502062,0.013355743096735578
2023-06-09,0.0011804330609032742,0.013307742170798454
2023-06-12,-0.006103290480067695,0.013304608762458129
2023-06-13,0.0016852813445226045,0.01331484461904252
2023-06-14,-0.0010919387777581677,0.01328403760506448
2023-06-15,-0.012375305022603167,0.01276962108163155
2023-06-16,0.012999438386674894,0.006898134245941414
2023-06-19,0.0008731640666339574,0.0065462781497085745
2023-06-20,0.0020860442926963914,0.00656218658565726
2023-06-21,0.017329499261746324,0.0072684782522895106
2023-06-22,0.004879258576660154,0.007321393652390522
2023-06-23,-6.0814461316160033e-05,0.00713866249623976
2023-06-26,-0.004848884594835237,0.007127581067868715
2023-06-27,0.013994698821391508,0.007520201691746247
2023-06-28,0.010525681412535995,0.007670201663306279
2023-06-30,0.014951874055393173,0.008079641619925365
2023-07-03,0.010756635713264602,0.008268879496583401
2023-07-04,0.004872296247207904,0.008236212593538005
2023-07-05,-0.032282615814055,0.010301091638913762
2023-07-06,0.0010153987521975374,0.009961785191206867
2023-07-07,-0.00875460217917571,0.010087060601127015
2023-07-10,-0.002381798378303611,0.010091329534565291
2023-07-11,-0.004871670699137614,0.00991100721178075
2023-07-12,-0.009416839448413422,0.010066304983065127
2023-07-13,0.00497848065448136,0.009644706945821306
2023-07-14,0.0020696287473313045,0.009603385198039455
2023-07-17,0.020702449313617408,0.010266528829284893
2023-07-18,-0.000834271850315402,0.010262472841477667
2023-07-19,0.004520369502301403,0.010239002870775836
2023-07-20,0.002163731828583823,0.010218895368859272
2023-07-21,-0.007727846022818211,0.010360295549946212
2023-07-24,0.001580152876958734,0.010360312155351359
2023-07-25,0.01078527240589828,0.010398747768599165
2023-07-26,-0.0034836212784636464,0.010445784972782547
2023-07-27,-0.010434550502134559,0.010670743355250242
2023-07-28,-0.017879969563510508,0.010960143462433292
2023-07-31,0.004674128026214522,0.01075642431526375
2023-08-01,0.006669875226795037,0.010806152648860227
2023-08-02,-0.013170923437854061,0.01111687917570438
2023-08-03,-0.007249681251921981,0.010746886978066746
2023-08-04,0.01435625295652679,0.011034996317368565
2023-08-07,-0.0005752196220416563,0.011035773334952093
2023-08-08,-0.0008177669295852215,0.010997196543425163
2023-08-09,0.0003635683022171467,0.010688758161277713
2023-08-10,-0.008915798915346721,0.010607405166047343
2023-08-11,-0.010477390186356735,0.010316371823153038
2023-08-14,-0.004892067135236003,0.010059382507450584
2023-08-16,-0.0029219554856282754,0.009971211857126223
2023-08-17,-0.005556410005141181,0.008260132898150785
2023-08-18,-0.004109118300758215,0.00825825044435024
2023-08-21,-0.0007859973322999512,0.00815165829445202
2023-08-22,-0.004287390995705731,0.008166542963844496
2023-08-23,0.002461187736231313,0.008172445296111549
2023-08-24,-0.004611637323387649,0.008053567794090192
2023-08-25,-0.01133475728471287,0.008177825713223065
2023-08-28,0.010352786692886862,0.00844351158193101
2023-08-29,0.007922901705544777,0.007567917957683172
2023-08-30,-0.007320972821218314,0.007631560029943039
2023-08-31,-0.00460292548942654,0.007543068477700405
2023-09-01,0.0020659349198789228,0.007541081420029489
2023-09-04,0.006235795617989764,0.007626922178407621
2023-09-05,-0.006108697554097228,0.007636329488748457
2023-09-06,0.01299534912437344,0.007774548359805969
2023-09-07,0.009574843860365358,0.008052005595086653
2023-09-08,0.007760807840546958,0.008049867104933656
2023-09-11,0.005160952210521835,0.007462140830247574
2023-09-12,0.003120533391575217,0.007432205476003479
2023-09-13,0.004267180693018097,0.007367282293363936
2023-09-14,-0.0006085053575064818,0.006960385155971618
2023-09-15,0.01140827269235856,0.00711756068533714
2023-09-18,-0.01987422683338005,0.0075768925724887925
2023-09-20,-0.040942240182431845,0.010583845014423077
2023-09-21,-0.006640883435902687,0.01061824893158586
2023-09-22,-0.015374900233147458,0.01088244122586871
2023-09-25,0.0008821074382834028,0.010831234170746629
2023-09-26,0.004334228603755116,0.010778746519955619
2023-09-27,-0.0070485134358335266,0.010807820324048499
2023-09-28,-0.002065230351271884,0.010805847539379583
2023-09-29,0.0017049156955801122,0.010799146077389375
2023-10-03,-0.012029003327167975,0.010960335245557985
2023-10-04,0.01415615045114676,0.011339978459508087
2023-10-05,0.004045210644661953,0.011365833266789995
2023-10-06,-0.0011074365644759235,0.011346977519263137
2023-10-09,-0.011671222459525702,0.011494076434007492
2023-10-10,0.005655847741397084,0.011403776496754683
2023-10-11,0.009626563547795527,0.011380049827050487
2023-10-12,0.006635505367450937,0.011348343361426526
2023-10-13,-0.00913925763264204,0.01138883004263994
2023-10-16,-0.004012660631091672,0.011382755201263271
2023-10-17,0.007555090074255952,0.011475808234796681
2023-10-18,-0.014015463948459374,0.011647076398179735
2023-10-19,-0.0031634520567998528,0.01161832364249098
2023-10-20,0.00516841009496081,0.01137165048620599
2023-10-23,-0.011060487455396829,0.01129910634499138
2023-10-25,-0.006361251611695637,0.011161321168424896
2023-10-26,-0.02236657572031881,0.01161401619386673
2023-10-27,0.0039215334038421226,0.011630980476520541
2023-10-30,0.010798103439908101,0.011842580915970204
2023-10-31,-0.005807671936131576,0.01183857034322648
2023-11-01,-0.0013554118395259487,0.011506806189012373
2023-11-02,0.0015246773723251747,0.01114546372598833
2023-11-03,0.0047290232714082715,0.008665905675282151
2023-11-06,0.0072189527766517185,0.00876501930274991
2023-11-07,-0.0048629698065070295,0.0083842733984924
2023-11-08,0.002887189059475381,0.00840723512129634
2023-11-09,-0.003963480156786994,0.00836650577384438
2023-11-10,0.003929931604019367,0.008339517049853733
2023-11-13,-0.0018118632608491122,0.008338299653769143
2023-11-15,0.010423703932787284,0.00857617230904238
2023-11-16,0.0026221286389171675,0.008308929237094712
2023-11-17,-0.0021569935315373947,0.00787337826000882
2023-11-20,6.640640966760783e-05,0.00782690116247196
2023-11-21,0.008435068231404606,0.008000479094758003
2023-11-22,-0.00356378529338171,0.007737541689197029
2023-11-23,0.005768242039067369,0.007740442111899231
2023-11-24,0.00707405524428202,0.00764351563986555
2023-11-28,-0.0022542837046751973,0.0075425233388489036
2023-11-29,0.01975575103965948,0.008211145954757526
2023-11-30,-0.00022443805511405005,0.008168307509280954
2023-12-01,-0.002183618004638836,0.008076617849867285
2023-12-04,0.034128740076864436,0.009743892335187378
2023-12-05,0.008846042469277495,0.009774894568320666
2023-12-06,0.002521927993576289,0.009760147199462454
2023-12-07,0.001626584517272342,0.009434168657183793
2023-12-08,0.013856807437845248,0.009490553955129374
2023-12-11,-0.0013316014818462111,0.008219318675934827
2023-12-12,-0.009983092892026708,0.008607952341162682
2023-12-13,-0.002266095005301772,0.008559322004127476
2023-12-14,0.011734199153319767,0.008527406675582511
2023-12-15,0.0038709562796295,0.008473646746246684
2023-12-18,-0.0005133386567031614,0.008501310008600316
2023-12-19,-0.0016925740146711318,0.008558096288012402
2023-12-20,0.0024775067691573216,0.008532675619867336
2023-12-21,0.01776509811049284,0.008770180112285012
2023-12-22,-0.009441429068071877,0.009115612006269144
2023-12-26,0.006918603158096997,0.009012624377160359
2023-12-27,0.012316558100867903,0.009134910191922582
2023-12-28,0.0011441062014183796,0.009081087840580445
2023-12-29,0.0023429916507368446,0.009019717230752409
2024-01-01,-0.006544733468413446,0.009229781311825402
2024-01-02,0.000588730545207578,0.009180619863760231
2024-01-03,-0.015540043623030577,0.009832634933609275
2024-01-04,0.010672656456348899,0.00987957030786946
2024-01-05,-0.005128909634363039,0.009922719063369013
2024-01-08,-0.011208637588592916,0.010269505654485912
2024-01-09,-0.00781545043957443,0.01042334786542574
2024-01-10,0.0032964737906128073,0.010385585104097289
2024-01-11,-0.004205718559465641,0.009937718282148312
2024-01-12,-0.004741430564434499,0.010004501987317543
2024-01-15,0.019071267248823843,0.010460939910605052
2024-01-16,0.0037887686425898638,0.00858946496278657
2024-01-17,-0.08812998424944689,0.01837261841223763
2024-01-18,-0.033968866690336545,0.019261784195396932
2024-01-19,-0.010484334432905402,0.019287618183478707
2024-01-23,-0.029884892714861597,0.019586123297051197
2024-01-24,0.019804715307964394,0.020092388427827505
2024-01-25,-0.014529101456688991,0.020154617067740792
2024-01-29,0.013670098966983388,0.020419527157259202
2024-01-30,-0.007140508468040043,0.020213742891423223
2024-01-31,0.012556718246111407,0.020398269299952636
2024-02-01,0.0025947753585598113,0.02042526202281648
2024-02-02,-0.013871384690041412,0.020497728340163713
2024-02-05,-0.000899428133869192,0.02046759995281337
2024-02-06,-0.0005191855675382089,0.020047601391568224
2024-02-07,-0.00984680214182077,0.020050711699730037
2024-02-08,-0.018990967536899488,0.020069176831985492
2024-02-09,0.0003918706682141085,0.019809201714225223
2024-02-12,-0.00973666383993487,0.01976490734378894
2024-02-13,0.0031963546068602402,0.019779148766532743
2024-02-14,-0.007485985655991406,0.01977950078118259
2024-02-15,0.021443872738105395,0.02040532842600063
2024-02-16,0.0041285121837181925,0.020408245904715187
2024-02-19,-0.0019739338830590857,0.020192873627458693
2024-02-20,0.02591210657972771,0.021011754232219983
2024-02-21,-0.010471939812958273,0.02100449896323719
2024-02-22,-0.013712772682122405,0.02106094191717118
2024-02-23,0.0007394371245114423,0.02103125818399781
2024-02-26,0.0011960006870999095,0.021062365889205386
2024-02-27,-0.0015127975171192497,0.021071608071271536
2024-02-28,-0.007598507540144253,0.020585791801280017
2024-02-29,-0.004266114903976749,0.020510003186606937
2024-03-01,0.019300912459467075,0.014025671487437495
2024-03-04,0.0013618162022042144,0.012704488336901219
2024-03-05,0.005672445971853484,0.012640552593559182
2024-03-06,0.0012138019294717244,0.011374949111709028
2024-03-07,0.002423279557877984,0.010777025656150886
2024-03-11,-0.012735337842847068,0.010699627206687913
2024-03-12,0.021993366809339512,0.011168395076155926
2024-03-13,0.0005821347173585562,0.011084146908953986
2024-03-14,-0.0033952738392760934,0.01085969251042322
2024-03-15,-0.0019255870208368135,0.010851477090586767
2024-03-18,-0.004553732356093345,0.01057997482378804
2024-03-19,0.0022794149714559725,0.010586596479286852
2024-03-20,-0.01270668468541411,0.010842080357313273
2024-03-21,0.010219713441980164,0.010851942942011068
2024-03-22,-0.0020079640184989464,0.010232630090280723
2024-03-26,-0.012167774821030966,0.01050871375178048
2024-03-27,0.010676626426351761,0.01048296222688281
2024-03-28,0.004985142712874958,0.01049981683262478
2024-04-01,0.015488143986000034,0.0106767184470908
2024-04-02,0.006541062158503694,0.010071324290461564
2024-04-03,0.0014515186596032218,0.010059293784213566
2024-04-04,0.03010295419020905,0.011311444158017847
2024-04-05,0.014266672081054628,0.010661545293382502
2024-04-08,-0.0019056833740277175,0.010424907912551015
2024-04-09,0.0012601150195270577,0.009975627582666437
2024-04-10,-0.007909528941350132,0.010163412356343028
2024-04-12,-0.011390153890044219,0.010478719643042225
2024-04-15,-0.016093948732705178,0.01098251152202855
2024-04-16,0.009687434037751127,0.010930880506679088
2024-04-18,-0.009687434037751115,0.011086565502825024
2024-04-19,0.024191676318548735,0.011380277264994364
2024-04-22,-0.012551610198530749,0.01169739809252373
2024-04-23,-0.0030464993726503358,0.011706181750089334
2024-04-24,0.0027157947385978735,0.011708085136807104
2024-04-25,-0.0006284493396236697,0.011713578355592393
2024-04-26,-0.0006290937280582573,0.011412413854750909
2024-04-29,0.012963608333555594,0.010973789744411974
2024-04-30,-0.006164739958850703,0.011063299823720098
2024-05-02,0.007961171443356346,0.011090103201896975
2024-05-03,-0.008290074571726048,0.011222217635345363
2024-05-06,0.0020050732084668913,0.011163912248738786
2024-05-07,-0.010895538555416822,0.011397856012602535
2024-05-08,-0.015725724966413238,0.011538084464608144
2024-05-09,-0.023992997738097183,0.012280756044427323
2024-05-10,0.0069087495148197915,0.012337246093029577
2024-05-13,0.011994022146182481,0.012281261385057397
2024-05-14,0.003909146685573089,0.012161678353756734
2024-05-15,-0.015485950348172349,0.012495294398229086
2024-05-16,0.015006688615509935,0.012475321470742134
2024-05-17,0.002633101626298931,0.0124273414078457
2024-05-21,-0.0036265772354967347,0.012442712621181549
2024-05-22,0.00027415206266337655,0.011062880699408605
2024-05-23,0.022631250712032952,0.0115572307117191
2024-05-24,0.016347002595674415,0.011969884794713594
2024-05-27,0.006896819210958602,0.012037442526956266
2024-05-28,0.0018310873430888457,0.011947767716354486
2024-05-29,-0.014611212663457518,0.012070518078221317
2024-05-30,0.0043331547398563815,0.011688763449232375
2024-05-31,0.010963882477909952,0.011724129072722068
2024-06-03,0.026195570042828305,0.012412604493137388
2024-06-04,-0.05830758623367549,0.015983177826177457
2024-06-05,0.045247301223127916,0.01786699967319445
2024-06-06,0.005077892693298836,0.01786020147403375
2024-06-07,0.00871357168939438,0.01790680935716845
2024-06-10,-0.007688131829457137,0.01798582591961222
2024-06-11,0.002239164305805147,0.017981470363231167
2024-06-12,0.005957370671167871,0.01787457407913065
2024-06-13,0.004184042694891181,0.017823110052494495
2024-06-14,0.0101648047482409,0.017854078391385784
2024-06-18,0.006802463421642636,0.017771540603429142
2024-06-19,0.03065484162173649,0.018507850174043165
2024-06-20,0.0069127042544446906,0.018321909524988755
2024-06-21,-0.002158791034477082,0.01798561601676842
2024-06-24,0.003984228783129593,0.017173179835240898
2024-06-25,0.023022816049406307,0.017475668205649
2024-06-26,-0.0057723144256912415,0.017559473896860477
2024-06-27,-0.0031492607086749907,0.017624687025391234
2024-06-28,-0.007307766177832863,0.017358523186806557
2024-07-01,0.0126291337089267,0.017317814368326648
2024-07-02,0.014785782843608854,0.017398393830893793
2024-07-03,0.02174841241042287,0.01755179979645182
2024-07-04,-0.023743824999055915,0.018370482833753036
2024-07-05,-0.04684961082466313,0.020417580383227496
2024-07-08,-0.007766260069111642,0.02036094361293167
2024-07-09,0.0007029543390719549,0.020346216511370058
2024-07-10,-0.006375339109127875,0.020407717157825196
2024-07-11,-0.002586091634171743,0.0201866970679546
2024-07-12,0.0004930357937467803,0.020186325831050407
2024-07-15,-0.00036977312221097663,0.02012440434998845
2024-07-16,-0.001449831531231973,0.019600353890454395
2024-07-18,-0.00306058451933306,0.016123608103503596
2024-07-19,-0.004655465280756378,0.01403618742429508
2024-07-22,0.021694176115493558,0.014515324219394521
2024-07-23,-0.014811881790019035,0.014758206017091853
2024-07-24,-0.008906294684182645,0.014784419355244575
2024-07-25,0.007793385210848557,0.01483644736925565
2024-07-26,0.0009584000158973592,0.014807888942931486
2024-07-29,-0.008128537944921297,0.014884701965008997
2024-07-30,0.006520559751117461,0.014817899597880633
2024-07-31,0.00012374712749782703,0.014768278165965557
2024-08-01,0.01416499907410844,0.013874120883427633
2024-08-02,0.012341165343931254,0.014007343937631443
2024-08-05,-0.026506164418039886,0.014807003622754384
2024-08-06,-0.009045977718239945,0.01484633397303406
2024-08-07,0.013831023611154698,0.014412358283728145
2024-08-08,0.011756862652958295,0.01459807688620336
2024-08-09,0.004555293779519967,0.01462983478939176
2024-08-12,0.005981260687699869,0.014630797793917454
2024-08-13,-0.03487611767011532,0.01569589975884104
2024-08-14,0.002865104487134948,0.01540299021796951
2024-08-16,0.015000766063976406,0.015083347635812604
2024-08-19,-0.0003370072717427093,0.014552137661794654
2024-08-20,0.0037622682385792345,0.01184263185891701
2024-08-21,-0.007292765216104904,0.011832526666208975
2024-08-22,0.0033773087742950715,0.011849588690383548
2024-08-23,-0.003838722051286954,0.011812302690278885
2024-08-26,0.009127175677615675,0.01191772485040072
2024-08-27,-0.0013424018549275587,0.011921776225447558
2024-08-28,-0.00039698101525588176,0.011921830577599032
2024-08-29,0.0008853219422047762,0.01191758818316596
2024-08-30,-0.0010074551469059555,0.011903007563166902
2024-09-02,-0.006097240326599719,0.011927230963930361
2024-09-03,0.006372019063809766,0.011295495431988462
2024-09-04,0.002714254049427879,0.010956811251129515
2024-09-05,0.0022205499028980897,0.010815590539710065
2024-09-06,-0.005179123569697468,0.010787680837947539
2024-09-09,0.005817127343143787,0.010832469017926923
2024-09-10,0.0023355959244660707,0.010710202705683134
2024-09-11,-0.00391594075343473,0.010691756275909696
2024-09-12,0.01371413077639598,0.010956402938199775
2024-09-13,-0.0003901076647119476,0.010673445563218767
2024-09-16,0.0029967417784922215,0.010451451437366453
2024-09-17,-0.0012874548225078849,0.009160859313925534
2024-09-18,0.015459979194749692,0.009318323887676621
2024-09-19,0.008051007845050804,0.00912065285677053
2024-09-20,0.01895868242693827,0.009482071297000424
2024-09-23,0.010625701524738343,0.00960377164243307
2024-09-24,0.004677102440554111,0.009588740502077489
2024-09-25,0.006230350255008708,0.006591210173514746
2024-09-26,0.0024420067085697468,0.006593001954687923
2024-09-27,-0.01742065272876451,0.0072589624538901025
2024-09-30,-0.01182328089042104,0.007696686941361039
2024-10-01,-0.0033832844089779174,0.0077504078087817455
2024-10-03,-0.025938873958642108,0.009126448616325436
2024-10-04,-0.014582561096544986,0.009553212437205725
2024-10-07,-0.024333778683615033,0.010556810709471575
2024-10-08,0.020344225473550605,0.011082252259853457
2024-10-09,-0.010900697171563561,0.01126475950685862
2024-10-10,0.017751577343724977,0.011725795779176939
2024-10-11,-0.006881079165922679,0.01180273131867129
2024-10-14,0.022222406358464196,0.012460890216281098
2024-10-15,-0.002372340911726003,0.012405894905070521
2024-10-16,0.009279365586703992,0.012459328679579124
2024-10-17,-0.015802579965323388,0.012837101672585435
2024-10-18,0.00518630900250675,0.012861166070106489
2024-10-21,0.02747525711200904,0.013698436782064638
2024-10-22,-0.00821896426543224,0.0137964810207972
2024-10-23,0.01231779299842312,0.013940692292947447
2024-10-24,0.00794729244516855,0.013944660632909845
2024-10-25,-0.0035785269422184867,0.013803781418615694
2024-10-28,-0.005291070340497269,0.013855845782571423
2024-10-29,0.010126198898707535,0.01394611681839184
2024-10-30,-0.00989550726648349,0.01409482329958153
2024-10-31,0.0006338782378889213,0.013838408232296826
2024-11-01,0.0009215081523093449,0.013770551834458885
2024-11-04,-0.013444115337897874,0.013546395444672692
2024-11-05,0.025203301832402377,0.014205513758321088
2024-11-06,-0.0014800942597613738,0.014179512402166852
2024-11-07,-0.004968891122904302,0.014150625146701602
2024-11-08,0.0045129550577292085,0.014171091673035015
2024-11-11,0.0067315782459757365,0.013862083174019952
2024-11-12,-0.027609798524979884,0.01461568807742044
2024-11-13,-0.02168017693822872,0.015123130176436505
2024-11-14,0.006757434559975643,0.014416404238244845
2024-11-18,0.00726926855904945,0.01419342003753045
2024-11-19,0.021553693183001436,0.0138440130909177
2024-11-21,-0.0006029299965572208,0.013433600888811277
2024-11-22,0.0025238706751935106,0.013218776329751193
2024-11-25,0.022656099569443287,0.013445870910434199
2024-11-26,-2.7923383365216366e-05,0.013340856070333876
2024-11-27,0.014870234837389874,0.013032138046915203
2024-11-28,-0.010622936025321142,0.013221274344712384
2024-11-29,0.0016160308558661695,0.013151455408588492
2024-12-02,0.0048045122188577405,0.012729820001977437
2024-12-03,0.011897668558908503,0.012836763810783677
2024-12-04,0.018338201078416255,0.012328130311613138
2024-12-05,0.003032899644314184,0.012162652739874437
2024-12-06,-0.005320359325878643,0.012113767901941061
2024-12-09,0.007595628854999365,0.012108212695864182
2024-12-10,-0.0010165449728073755,0.01207491323163924
2024-12-11,-0.0026801225923797837,0.012027608564625543
2024-12-12,-0.0020685485210582915,0.011963027638502963
2024-12-13,0.006700620267709048,0.011777053769441366
2024-12-16,-0.00350553727697522,0.011824268573506123
2024-12-17,-0.017277889347772715,0.01235750190864124
2024-12-18,-0.012376910871527086,0.012313587592819059
2024-12-19,-0.009544477680139276,0.011655628127157059
2024-12-20,-0.01234234470772276,0.011891035961338867
2024-12-23,0.01651542100615275,0.012205128630116573
2024-12-24,-0.0016115169171619468,0.01219596357181911
2024-12-26,-0.0040960128574484,0.012175156854758005
2024-12-27,0.004179471232185206,0.010971979449461966
2024-12-30,-0.011381085494609889,0.01036546507909677
2024-12-31,-0.0028444806792638755,0.01035730653386962
2025-01-01,0.005568612612337812,0.010329490438641717
2025-01-02,0.006151339973307085,0.009658568179924392
2025-01-03,-0.02514990817377683,0.010772076466930321
2025-01-06,-0.02237272533309013,0.011516416015381272
2025-01-07,0.0016939055516164419,0.010655651285731815
2025-01-08,-0.011209919398005514,0.010801450856557463
2025-01-09,-0.015764300122494048,0.010622752208493501
2025-01-10,-0.006647589615178964,0.01054592760794492
2025-01-13,-0.01575649200114787,0.010778725576319549
2025-01-14,0.009611186071636763,0.010936631730303787
2025-01-15,-0.0021583041980719865,0.010568811913856273
2025-01-16,0.005462692008870975,0.00989001123965213
2025-01-17,-0.009304371972937923,0.009845879530926178
2025-01-20,0.008819947643566165,0.010132849772300247
2025-01-21,-0.0053739679128941625,0.009899747181717437
2025-01-22,0.014297048178240306,0.010455477436825773
2025-01-23,-0.000690481995361013,0.010469229316267726
2025-01-24,-0.009110958157753693,0.010509123289633309
2025-01-27,-0.012196841927351059,0.010412518292714558
2025-01-28,0.024605775482330953,0.011700890129018194
2025-01-29,0.004122243172077857,0.011493604920516836
2025-01-30,0.008430352553544821,0.011533701589099367
2025-01-31,0.0042769841767010975,0.011509122426578616
2025-02-01,-0.004602228088725034,0.01135051894031065
2025-02-03,-0.00768785255217877,0.010872177223946589
2025-02-04,0.02524488921900811,0.011984533128153133
2025-02-05,0.009772506344272559,0.012145849641338089
2025-02-06,0.0034753236786236215,0.012136170831275377
2025-02-07,-0.006385608161463427,0.012022906289853265
2025-02-10,-0.009859390631770078,0.012130617388742474
2025-02-11,-0.008398832062769054,0.012134231829492718
2025-02-12,0.003168843220996507,0.012081001527472827
2025-02-13,-0.005345952153874907,0.011266607364370233
2025-02-14,-0.0016801652958959462,0.010521559880463516
2025-02-17,0.013188180215424956,0.010802444865580978
2025-02-18,0.003313596395638011,0.010602778772188839
2025-02-19,0.0024055956679794595,0.010147252813081386
2025-02-20,-0.023490514702010832,0.011022686567373072
2025-02-21,0.00319565990002076,0.010587118402434209
2025-02-24,-0.00914059357956207,0.010629117262325826
2025-02-25,0.003125483604265885,0.010625409596352138
2025-02-27,0.010848277775865797,0.010751858085473104
2025-02-28,0.018467868809252323,0.01102898463186885
2025-03-03,-0.01796807829339931,0.011522220971998579
2025-03-04,0.004953682867138669,0.011479411212157616
2025-03-05,-0.011764848001279278,0.011451509463455788
2025-03-06,0.000709785641831947,0.01144944552050618
2025-03-07,-0.0011536667929511295,0.011309898997535948
2025-03-10,-0.0010365139971990809,0.011048605307316996
2025-03-11,-0.0011858520345377592,0.010126251167863224
2025-03-12,0.015103444685380192,0.010462084900403732
2025-03-13,-0.002662681098426576,0.010373864331761478
2025-03-17,0.002224287598894582,0.010353452506097755
2025-03-18,0.0,0.010313435982078263
2025-03-19,0.019511363346275956,0.010765260108756822
2025-03-20,0.014034371225017276,0.010077594229834211
2025-03-21,0.0009042271818164974,0.009937889821357057
2025-03-24,0.016609369397620307,0.010348883525911836
2025-03-25,0.01184622960816282,0.010431781774311323
2025-03-26,-0.008213875835778308,0.010373263630372349
2025-03-27,0.010352757917161007,0.010307321632928877
2025-03-28,0.0015600709073194544,0.010307067269676437
2025-04-01,-0.03356770964341619,0.01215102343974604
2025-04-02,0.01629885529342563,0.012436455814221762
2025-04-03,-0.0011415305366517115,0.012263885743376323
2025-04-04,0.012430522740131046,0.012423037233883114
2025-04-07,-0.03334590986028317,0.013977954357007901
2025-04-08,0.006493178739067864,0.013250260617558
2025-04-09,-0.002348557225771342,0.013265646548029116
2025-04-11,0.02337898618833949,0.013696446073006336
2025-04-15,0.03167780312659331,0.014698095147368003
2025-04-16,0.006999950243012427,0.014647861792533325
2025-04-17,0.01516656571872074,0.01454204430008611
2025-04-21,0.01064228250046333,0.01403558360632748
2025-04-22,0.017795162224553514,0.014255063720839853
2025-04-23,-0.019457082377241502,0.014623565438090751
2025-04-24,-0.00369721509382751,0.014683105010185197
2025-04-25,-0.002925852300970198,0.014708820544985112
2025-04-28,0.004698049029679473,0.01467679332881993
2025-04-29,-0.005954555524423543,0.014763889472616282
2025-04-30,0.00845116450235839,0.014643120908514475
2025-05-02,-0.0016115904183097735,0.01462806402494051
2025-05-05,0.0077227878798018,0.014640003531826259
2025-05-06,-0.0026367462407349395,0.01467361418608338
2025-05-07,0.007170022039958668,0.014395736756330225
2025-05-08,-0.008827917256068326,0.014431842003075382
2025-05-09,-0.020324443025324,0.015039812383934233
2025-05-12,0.035096837411650046,0.015999781882759034
2025-05-13,-0.017836507923362315,0.016334775867792594
2025-05-14,-0.006261046739255422,0.01629733625379661
2025-05-15,0.012069669340587097,0.016331143666641935
2025-05-16,0.0004652664962662019,0.016333207667979712
2025-05-19,0.002065370772315716,0.014898603509681883
2025-05-20,-0.012352221023240061,0.014939944059379392
2025-05-21,0.006195214666028613,0.014944760658943942
2025-05-22,-0.0035874978118922932,0.014858625306989445
2025-05-23,0.007110409394736184,0.013311270186761665
2025-05-26,0.0034074386344091954,0.01329669398404285
2025-05-27,-0.007189921775370355,0.01339383013241915
2025-05-28,-0.0014546413502260255,0.012841485281271074
2025-05-29,0.0020773843963951947,0.01156302104673123
2025-05-30,0.008986749906359427,0.011603593207452346
2025-06-02,-0.006603122380633095,0.011376378390905226
2025-06-03,-0.0038893024821888343,0.011235546071129546
2025-06-04,0.008588147936738457,0.010850637072586638
2025-06-05,0.004317880987804693,0.01025910608608974
2025-06-06,0.014815847297010742,0.01055407471243406
2025-06-09,0.00010116206966210347,0.010529100361738776
2025-06-10,-0.006896207618271034,0.010607265108381414
2025-06-11,-0.007610494341063519,0.010647717123917913
2025-06-12,-0.0035954493711702717,0.010572940385042
2025-06-13,-0.013364622663072603,0.010860701499625185
2025-06-16,0.009239627507300107,0.010901707166562335
2025-06-17,-0.0030013007242483286,0.010904922530109789
2025-06-18,0.002225974228461513,0.010829358540845966
2025-06-19,0.0007236738079368603,0.01070669545921958
2025-06-20,0.015077162884722892,0.010319919281048227
2025-06-23,-0.008330991275310454,0.008254482285794638
2025-06-24,0.006395008191672309,0.007625774052428071
2025-06-25,0.009794298708670534,0.007686626580132497
2025-06-26,0.02079034054568499,0.008255963255440433
2025-06-27,0.007522382527910462,0.0083261945400532
2025-06-30,-0.0066726482389324465,0.00846532037725248
2025-07-01,0.005282014029829151,0.008078930440479384
2025-07-02,-0.01305635995627534,0.008489603753947944
2025-07-03,0.000553672622873636,0.008439679123454821
2025-07-04,0.0011066109818857989,0.008373257104360592
2025-07-07,-0.0009556177639777405,0.008373485577934686
2025-07-08,0.007019726488388433,0.008285965227567294
2025-07-09,0.004884543143660846,0.008285166746620292
2025-07-10,-0.002489153812175624,0.008322725512703405
2025-07-11,-0.011278570099119803,0.008530609211755195
2025-07-14,-0.00035292801973708026,0.008413451912259815
2025-07-15,0.006283807736098982,0.008404951052956104
2025-07-16,0.00040080135054242397,0.008301517601116538
2025-07-17,-0.004719853758100678,0.008351970497186919
2025-07-18,-0.014958566924579935,0.008421935955085922
2025-07-21,0.021780103337607222,0.009313444738688741
2025-07-22,0.003293745706293776,0.009211106291161718
2025-07-23,0.00853308991148594,0.009158133993430052
2025-07-24,-0.005001939597123608,0.009189218456195069
2025-07-25,-0.0022920811618710383,0.008782572632123902
2025-07-28,0.0019436473875905384,0.008673421006025951
2025-07-29,0.006501090198043673,0.008669951056761226
2025-07-30,0.0020754433584482374,0.00866985938405663
2025-07-31,-0.00375870751929854,0.008730934457312909
2025-08-01,-0.0029773742446197477,0.00840355231054088
2025-08-04,-0.010089467447366773,0.008478440162153556
2025-08-05,-0.007255183226470612,0.008555140591848986
2025-08-06,0.003886084879794464,0.008405993314844769
2025-08-07,0.005074482916711347,0.007545728025850405
2025-08-08,-0.010833250197197797,0.007658870192449195
2025-08-11,0.010933451235555128,0.007849855980169303
2025-08-12,-0.012961952337072294,0.008127087622647222
2025-08-13,0.005265580603903678,0.007844082970752144
2025-08-14,0.005438864538625671,0.007906708838836027
2025-08-18,0.006258312739970117,0.007983772840660607
2025-08-19,-0.006258312739970005,0.008071245173279874
2025-08-20,-0.0014575553393094828,0.007970015408967968
2025-08-21,0.0015077653123386767,0.007920330832689301
2025-08-22,-0.01344879771764263,0.008272100868903932
2025-08-25,-0.0002545371287773642,0.008023204680166342
2025-08-26,-0.008847088644480852,0.008175464719802706
2025-08-28,-0.016156147316932302,0.008548471305262107
2025-08-29,-0.00649422239064552,0.008594309964561253
2025-09-01,-0.0010514142758825636,0.008573123190630395
2025-09-02,-0.006437651555552015,0.008242767721872964
2025-09-03,0.010479584194943868,0.007373346665014299
2025-09-04,0.007099249683345509,0.007490106615801645
2025-09-05,0.0022341987178300577,0.0072890198646893625
2025-09-08,0.0026951146748342507,0.007299241163987743
2025-09-09,-0.000880279243019462,0.007297215459234462
2025-09-10,0.0007767794917245168,0.007282651526413946
2025-09-11,0.00196510728481949,0.00716122421558635
2025-09-12,-0.0005167691772366834,0.00713281361375366
2025-09-15,-0.0002584847670249008,0.007123814844692232
2025-09-16,-0.00020684855631826094,0.007120870723970995
2025-09-17,-0.0003620405970772005,0.006926915615458528
2025-09-18,0.010703019001874,0.007140571407993238
2025-09-19,-0.010289214910926055,0.007313830275950163
2025-09-22,-0.0027963481075427813,0.007233743182759535
2025-09-23,-0.007286385844719131,0.007097529650255877
2025-09-24,-0.006445744223541752,0.006790842141146583
2025-09-25,-0.0012625728755434355,0.006442844745050419
2025-09-26,-0.005066228457831034,0.006360398527277135
2025-09-29,0.005539888141663976,0.006364254049423317
2025-09-30,0.0007363511735709744,0.00620856727948832
2025-10-01,0.014873072598955338,0.0068438531548265505
2025-10-03,-0.00010358017484717684,0.006845402525186263
2025-10-06,0.008562919995388026,0.007052068044683269
2025-10-07,0.009253868778529777,0.0068578030051180145
2025-10-08,-0.00387517083894284,0.006894322342312689
2025-10-09,-0.001636196940423929,0.006702378184998987
2025-10-10,0.0038815664956709417,0.005983679277520283
2025-10-13,-0.003983890416937911,0.005895135837321858
2025-10-14,0.00015354441827179985,0.005885633637206668
2025-10-15,0.0011250646294673273,0.0057193173426928565
2025-10-16,0.016323971712202335,0.006131994509805796
2025-10-17,0.008212788270006167,0.006171146156801497
2025-10-20,0.0003989273691025967,0.00617171117332753
2025-10-21,0.004724848958278983,0.006198135769899774
2025-10-23,0.0010909751500512315,0.006183464022022992
2025-10-24,-0.014025323243125259,0.0068007964331156506
2025-10-27,0.00820949913479487,0.006926353104341379
2025-10-28,0.0005980319998193954,0.006919872462030439
2025-10-29,0.004275623368711053,0.006935820396193805
2025-10-30,-0.00967101373238888,0.0072197907568565456
2025-10-31,-0.010929657824625507,0.007542261703738937
2025-11-03,0.005404226984572995,0.007360009525089177
2025-11-04,-0.007482743162809093,0.007234474476073082
2025-11-06,-0.0006091432022475567,0.007209767549521956
2025-11-07,-0.002389524619030689,0.007076939883610535
2025-11-10,0.0022371498253452933,0.006944037323577115
2025-11-11,0.007286756422096674,0.00701656792289047
2025-11-12,-0.0022208894586564537,0.006944488249509569
2025-11-13,-0.0028843736827855793,0.006947160838695699
2025-11-14,0.002985405047806005,0.006953544880312429
2025-11-17,0.006998505351814488,0.006562149882707623
2025-11-18,-0.004122656000973203,0.0066275031632917186
2025-11-19,0.002163975975541526,0.006474575065256045
2025-11-20,0.014225701326769525,0.00675806469185208
2025-11-21,-0.010762960034783107,0.007036524147905304
2025-11-24,0.001101578936119888,0.007023557893857032
2025-11-25,-0.009402051777170435,0.007234479827250699
2025-11-26,0.014144827831738626,0.0076115309174487195
2025-11-27,0.0055627197361940465,0.007657038807124432
2025-11-28,-0.001883917504352504,0.007676188401212953
2025-12-01,-0.00547346754715726,0.007190507828384879
2025-12-02,-0.012350162516422932,0.007383635081183718
2025-12-03,0.010752263838828574,0.007660325852143178
2025-12-04,-0.003303790133078442,0.007626790973387646
2025-12-05,0.006098469873976861,0.007713696421365015
2025-12-08,-0.00019937421386007341,0.007257646302069507
2025-12-09,-0.005999418201148632,0.007185509835332299
2025-12-10,-0.007348151164718182,0.007300800593093539
2025-12-11,0.010552331602805151,0.0075276030823119245
2025-12-12,0.001198933318108209,0.007317194830103709
2025-12-15,-0.005406525464403427,0.007095946929734673
2025-12-16,-0.001808669932451931,0.007038857293428241
2025-12-17,-0.010413062656764236,0.007166248708223099
2025-12-18,-0.004379482241688273,0.00720946302335435
2025-12-19,0.005902711782209879,0.007279969229349834
2025-12-22,0.0022298936803541226,0.007279896185014262
2025-12-23,0.00897044107682138,0.007343359692119381
2025-12-24,0.0006019025407592699,0.007329815855734025
2025-12-26,-0.005127479843322572,0.007374285965805861
2025-12-29,-0.000403229546110169,0.007355819462240959
2025-12-30,-0.0008070087981527646,0.007239448307306038
